{"D": 0.009023533710638843, "OR": 0.011093228305165589, "N": 0.02691439776629187, "P": 0.039617078606554404, "L": 0.011790564758847108, "O": 0.9015611968525021}