{"D": 0.009432876726658403, "OR": 0.011077811426150538, "N": 0.026227424644207686, "P": 0.0385526666771273, "L": 0.01237231488600524, "O": 0.9023369056398508}