{"D": {"D": 0.13570229434806938, "OR": 0.0016787912702853946, "N": 0.0204252937884723, "P": 0.0016787912702853946, "L": 0.00923335198656967, "O": 0.8312814773363179}, "OR": {"D": 0.0007237635705669482, "OR": 0.5218335343787696, "N": 0.0048250904704463205, "P": 0.0007237635705669482, "L": 0.004101326899879373, "O": 0.4677925211097708}, "N": {"D": 0.019546590503391647, "OR": 0.006604784005712246, "N": 0.25169582292038556, "P": 0.004819707247411638, "L": 0.00517672259907176, "O": 0.7121563727240271}, "P": {"D": 0.0016237204376985527, "OR": 0.00021178962230850688, "N": 0.0024708789269325803, "P": 0.3404165195905401, "L": 0.000494175785386516, "O": 0.6547829156371338}, "L": {"D": 0.0018501387604070306, "OR": 0.0020814061054579094, "N": 0.008325624421831638, "P": 0.005087881591119334, "L": 0.1711378353376503, "O": 0.8115171137835338}, "O": {"D": 0.00848263691562229, "OR": 0.005653097239254628, "N": 0.02458349534890677, "P": 0.02769120330212664, "L": 0.010375975832261538, "O": 0.9232106003050878}}