{"D": {"D": 0.13601236476043277, "OR": 0.0021638330757341576, "N": 0.0, "P": 0.0055641421947449764, "L": 0.0061823802163833074, "O": 0.8500772797527048}, "OR": {"D": 0.0005028916268544129, "OR": 0.49761126477244155, "N": 0.0020115665074176515, "P": 0.0007543374402816193, "L": 0.0037716872014080965, "O": 0.4953482524515967}, "N": {"D": 0.018654782879054824, "OR": 0.00963830448751166, "N": 0.203440771064359, "P": 0.004249144989118043, "L": 0.004145507306456628, "O": 0.7598714892734998}, "P": {"D": 0.0007040766035344646, "OR": 7.040766035344645e-05, "N": 0.0010561149053016968, "P": 0.3384496233190171, "L": 0.0, "O": 0.6597197775117933}, "L": {"D": 0.0028388928317956, "OR": 0.0016560208185474332, "N": 0.004494913650343033, "P": 0.005441211260941566, "L": 0.14927844807191862, "O": 0.8362905133664538}, "O": {"D": 0.008016311073709223, "OR": 0.005847482797881293, "N": 0.023646725409633185, "P": 0.028807361021731596, "L": 0.010893643879015891, "O": 0.9227853819117865}}