{"D": 0.00961419479101097, "OR": 0.011150206325892689, "N": 0.03013918255133937, "P": 0.03810438422346681, "L": 0.011631723076757536, "O": 0.8993603090315326}