{"O": 0.9006040149227216, "D": 0.016432758926985255, "P": 0.03268786640611121, "OR": 0.013323858589447504, "L": 0.012169124178362054, "N": 0.024782376976372356}