{"D": 0.00851535110237491, "O": 0.9039107538396092, "L": 0.011452817180325946, "OR": 0.011304293614586848, "N": 0.02704412433439439, "P": 0.037772659928708686}