{"D": 0.006371483307144241, "O": 0.8772843704931442, "L": 0.009298921583399703, "P": 0.03577501775835719, "OR": 0.01777988247196332, "N": 0.05349032438599135}