{"D": 0.008027001378717613, "O": 0.903307131730201, "L": 0.011566903615105015, "OR": 0.011226700567601926, "N": 0.029345198660674317, "P": 0.03652706404770005}