{"L": 0.011408006774239074, "OR": 0.010184880274733028, "O": 0.8963400291668627, "D": 0.0070800206990638374, "P": 0.04589076539492873, "N": 0.02909629769017265}