{"D": 0.006207324643078833, "O": 0.9087523277467412, "L": 0.011864857674913541, "P": 0.0399397002748958, "OR": 0.010995832224882504, "N": 0.02223995743548816}