{"D": 0.006204287515762926, "O": 0.8986380832282471, "L": 0.01175283732660782, "P": 0.04499369482976041, "OR": 0.01137452711223203, "N": 0.02703656998738966}