{"O": 0.9326364692218351, "D": 0.005265195509097948, "P": 0.03050716221447929, "OR": 0.007200929152148664, "L": 0.005807200929152149, "N": 0.018583042973286876}