{"D": 0.00781617082211499, "O": 0.904710585392412, "L": 0.011105227437146203, "OR": 0.011304733705745034, "N": 0.026385170158337124, "P": 0.038678112484244596}