{"O": 0.8950668206566573, "D": 0.008001979871308365, "P": 0.04207226530275532, "OR": 0.00981686190397624, "L": 0.007836990595611285, "N": 0.03720508166969147}