{"D": {"D": 0.14887718325478236, "OR": 0.0011089548100914888, "N": 0.0027723870252287217, "P": 0.0027723870252287217, "L": 0.00887163848073191, "O": 0.8355974494039368}, "OR": {"D": 0.000708215297450425, "OR": 0.5030689329556185, "N": 0.0040132200188857416, "P": 0.002360717658168083, "L": 0.004721435316336166, "O": 0.48512747875354106}, "N": {"D": 0.01994216771363047, "OR": 0.008176288762588493, "N": 0.20590288164323461, "P": 0.0057832286369528365, "L": 0.006381493668361751, "O": 0.7538139395752318}, "P": {"D": 0.001085334418667752, "OR": 0.0003391670058336725, "N": 0.0021028354361687695, "P": 0.3557183557183557, "L": 0.0002035002035002035, "O": 0.6405508072174739}, "L": {"D": 0.004861551469034031, "OR": 0.002113718030014796, "N": 0.004650179666032551, "P": 0.004016064257028112, "L": 0.16677235256816741, "O": 0.8175861340097231}, "O": {"D": 0.00819612741674178, "OR": 0.005808005425442194, "N": 0.022846560263852702, "P": 0.02724603742743616, "L": 0.011079842685362029, "O": 0.924820528574865}}