{"D": {"D": 0.1, "O": 0.9, "L": 0.0, "P": 0.0, "OR": 0.0, "N": 0.0}, "O": {"D": 0.005815768930523029, "O": 0.9283567525370804, "L": 0.011768149882903981, "P": 0.028766588602654176, "OR": 0.005815768930523029, "N": 0.019457455113192818}, "L": {"D": 0.0, "O": 0.9013452914798207, "L": 0.09417040358744394, "P": 0.0, "OR": 0.0014947683109118087, "N": 0.0029895366218236174}, "P": {"D": 0.0013321492007104796, "O": 0.6531971580817052, "L": 0.0, "P": 0.34369449378330375, "OR": 0.0, "N": 0.0017761989342806395}, "OR": {"D": 0.0016129032258064516, "O": 0.4967741935483871, "L": 0.0032258064516129032, "P": 0.0016129032258064516, "OR": 0.49516129032258066, "N": 0.0016129032258064516}, "N": {"D": 0.01036682615629984, "O": 0.7767145135566188, "L": 0.0007974481658692185, "P": 0.0023923444976076554, "OR": 0.011164274322169059, "N": 0.19856459330143542}}