{"O": {"O": 0.9496056454960564, "D": 0.004317144043171441, "P": 0.022249896222498962, "OR": 0.0037359900373599006, "L": 0.00506434205064342, "N": 0.014943960149439602}, "D": {"O": 0.8235294117647058, "D": 0.1323529411764706, "P": 0.014705882352941176, "OR": 0.014705882352941176, "L": 0.0, "N": 0.014705882352941176}, "P": {"O": 0.6852791878172588, "D": 0.0, "P": 0.31218274111675126, "OR": 0.0, "L": 0.0, "N": 0.0025380710659898475}, "OR": {"O": 0.5053763440860215, "D": 0.0, "P": 0.0, "OR": 0.4946236559139785, "L": 0.0, "N": 0.0}, "L": {"O": 0.8, "D": 0.0, "P": 0.0, "OR": 0.0, "L": 0.18666666666666668, "N": 0.013333333333333334}, "N": {"O": 0.725, "D": 0.029166666666666667, "P": 0.008333333333333333, "OR": 0.004166666666666667, "L": 0.0, "N": 0.23333333333333334}}