{"O": {"O": 0.9169585253456222, "D": 0.007373271889400922, "P": 0.02792626728110599, "OR": 0.004516129032258065, "L": 0.007373271889400922, "N": 0.03576036866359447}, "D": {"O": 0.8350515463917526, "D": 0.13402061855670103, "P": 0.0, "OR": 0.010309278350515464, "L": 0.010309278350515464, "N": 0.010309278350515464}, "P": {"O": 0.6, "D": 0.0, "P": 0.3980392156862745, "OR": 0.00196078431372549, "L": 0.0, "N": 0.0}, "OR": {"O": 0.453781512605042, "D": 0.0, "P": 0.0, "OR": 0.5378151260504201, "L": 0.0, "N": 0.008403361344537815}, "L": {"O": 0.8315789473684211, "D": 0.010526315789473684, "P": 0.0, "OR": 0.010526315789473684, "L": 0.14736842105263157, "N": 0.0}, "N": {"O": 0.844789356984479, "D": 0.0066518847006651885, "P": 0.008869179600886918, "OR": 0.0066518847006651885, "L": 0.0, "N": 0.13303769401330376}}