{"O": {"O": 0.9216214597928267, "P": 0.029638943775821807, "L": 0.008921621459792826, "OR": 0.008412669900005987, "N": 0.02502844141069397, "D": 0.006361894497335489}, "P": {"O": 0.6531753866403422, "P": 0.3445212240868707, "L": 0.0, "OR": 0.0003290556103981573, "N": 0.0016452780519907865, "D": 0.0003290556103981573}, "L": {"O": 0.8134642356241234, "P": 0.005610098176718092, "L": 0.1514726507713885, "OR": 0.0070126227208976155, "N": 0.019635343618513323, "D": 0.002805049088359046}, "OR": {"O": 0.9809688581314879, "P": 0.0, "L": 0.0, "OR": 0.0, "N": 0.012110726643598616, "D": 0.006920415224913495}, "N": {"O": 0.8881650380021715, "P": 0.003257328990228013, "L": 0.004343105320304018, "OR": 0.003800217155266015, "N": 0.07763300760043432, "D": 0.02280130293159609}, "D": {"O": 0.9873417721518988, "P": 0.004219409282700422, "L": 0.002109704641350211, "OR": 0.006329113924050633, "N": 0.0, "D": 0.0}}