{"N": {"N": 0.2278990884036464, "O": 0.7323864037877181, "L": 0.00423998304006784, "OR": 0.008974630768143595, "D": 0.018867924528301886, "P": 0.007631969472122111}, "O": {"N": 0.02223742730071844, "O": 0.9273316323796726, "L": 0.01004290854832261, "OR": 0.005315136701441414, "D": 0.006935027142439068, "P": 0.02813580699809158}, "L": {"N": 0.0052048354600402955, "O": 0.8226997985224983, "L": 0.1616856950973808, "OR": 0.0020147750167897917, "D": 0.0018468770987239758, "P": 0.006548018804566823}, "OR": {"N": 0.006432459178624443, "O": 0.4350981362361867, "L": 0.004618175820550882, "OR": 0.5503875968992248, "D": 0.001814283358073561, "P": 0.0016493485073396008}, "D": {"N": 0.008110687022900763, "O": 0.8587786259541985, "L": 0.006440839694656489, "OR": 0.0014312977099236641, "D": 0.12356870229007634, "P": 0.0016698473282442748}, "P": {"N": 0.0014944080215966063, "O": 0.6632279213266487, "L": 0.00024103355187042036, "OR": 9.641342074816814e-05, "D": 0.0009641342074816814, "P": 0.33397608947165447}}