{"D": {"D": 0.0975609756097561, "O": 0.9024390243902439, "L": 0.0, "P": 0.0, "OR": 0.0, "N": 0.0}, "O": {"D": 0.005528893379360669, "O": 0.9250652521680559, "L": 0.010805197721085572, "P": 0.030984255283320702, "OR": 0.004602733574696191, "N": 0.02298560242485476}, "L": {"D": 0.0, "O": 0.8133047210300429, "L": 0.16523605150214593, "P": 0.01072961373390558, "OR": 0.004291845493562232, "N": 0.006437768240343348}, "P": {"D": 0.0005605381165919282, "O": 0.6233183856502242, "L": 0.0, "P": 0.3755605381165919, "OR": 0.0, "N": 0.0005605381165919282}, "OR": {"D": 0.0, "O": 0.38137472283813745, "L": 0.004434589800443459, "P": 0.004434589800443459, "OR": 0.6008869179600886, "N": 0.008869179600886918}, "N": {"D": 0.022388059701492536, "O": 0.7322761194029851, "L": 0.0018656716417910447, "P": 0.002798507462686567, "OR": 0.013059701492537313, "N": 0.22761194029850745}}