{"O": {"O": 0.9189269158694151, "D": 0.013906696912910544, "P": 0.023769602524903836, "OR": 0.0080875826018345, "L": 0.012328632014991616, "N": 0.02288194101982444}, "D": {"O": 0.7837837837837838, "D": 0.21081081081081082, "P": 0.005405405405405406, "OR": 0.0, "L": 0.0, "N": 0.0}, "P": {"O": 0.6684782608695652, "D": 0.002717391304347826, "P": 0.32608695652173914, "OR": 0.002717391304347826, "L": 0.0, "N": 0.0}, "OR": {"O": 0.5466666666666666, "D": 0.0, "P": 0.006666666666666667, "OR": 0.44, "L": 0.0, "N": 0.006666666666666667}, "L": {"O": 0.8978102189781022, "D": 0.0, "P": 0.014598540145985401, "OR": 0.0, "L": 0.08759124087591241, "N": 0.0}, "N": {"O": 0.8100358422939068, "D": 0.014336917562724014, "P": 0.010752688172043012, "OR": 0.0035842293906810036, "L": 0.0, "N": 0.16129032258064516}}