{"L": {"L": 0.18556701030927836, "OR": 0.010309278350515464, "O": 0.7587628865979381, "D": 0.006185567010309278, "P": 0.006185567010309278, "N": 0.032989690721649485}, "OR": {"L": 0.0, "OR": 0.0, "O": 0.9861431870669746, "D": 0.009237875288683603, "P": 0.0, "N": 0.004618937644341801}, "O": {"L": 0.010234340147479466, "OR": 0.011021597081900963, "O": 0.9068675046579369, "D": 0.007006586716351327, "P": 0.034954207888314485, "N": 0.02988952161020285}, "D": {"L": 0.0, "OR": 0.0033222591362126247, "O": 0.9900332225913622, "D": 0.0, "P": 0.006644518272425249, "N": 0.0}, "P": {"L": 0.0, "OR": 0.0, "O": 0.6842644797539723, "D": 0.0005125576627370579, "P": 0.3131727319323424, "N": 0.0020502306509482316}, "N": {"L": 0.004042037186742118, "OR": 0.005658852061438965, "O": 0.9054163298302345, "D": 0.021018593371059015, "P": 0.002425222312045271, "N": 0.06143896523848019}}