{"N": {"N": 0.22794765746830292, "O": 0.7339480642755442, "L": 0.004339277239134857, "OR": 0.008271747237100821, "D": 0.022035392229981694, "P": 0.003457861549935589}, "O": {"N": 0.022825196160368707, "O": 0.9265909883886044, "L": 0.010215756120122361, "OR": 0.00572658449704238, "D": 0.00740622033251921, "P": 0.027233225955647877}, "L": {"N": 0.004002561639449248, "O": 0.8146013448607109, "L": 0.17387127761767532, "OR": 0.001601024655779699, "D": 0.0024015369836695487, "P": 0.0035222542427153377}, "OR": {"N": 0.004379562043795621, "O": 0.470235198702352, "L": 0.0038929440389294406, "OR": 0.5184103811841038, "D": 0.00210867802108678, "P": 0.0009732360097323601}, "D": {"N": 0.009689922480620155, "O": 0.8453919035314384, "L": 0.006675279931093884, "OR": 0.002153316106804479, "D": 0.13178294573643412, "P": 0.004306632213608958}, "P": {"N": 0.001796116504854369, "O": 0.6529126213592233, "L": 0.00024271844660194174, "OR": 0.0001941747572815534, "D": 0.0013592233009708738, "P": 0.343495145631068}}