{"N": {"N": 0.25096101043382757, "O": 0.7143815974128989, "L": 0.0032948929159802307, "OR": 0.007688083470620538, "D": 0.017877844895966808, "P": 0.005796570870705961}, "O": {"N": 0.023855869713452053, "O": 0.9265750622413219, "L": 0.010517594075577615, "OR": 0.005534323908596438, "D": 0.00712603669462901, "P": 0.026389131158719336}, "L": {"N": 0.003869969040247678, "O": 0.8235294117647058, "L": 0.16052631578947368, "OR": 0.0035603715170278638, "D": 0.0029411764705882353, "P": 0.005572755417956657}, "OR": {"N": 0.009409888357256778, "O": 0.45725677830940986, "L": 0.002551834130781499, "OR": 0.5279106858054227, "D": 0.001594896331738437, "P": 0.0012759170653907496}, "D": {"N": 0.028998438545616775, "O": 0.8277938880214142, "L": 0.01003792103502119, "OR": 0.0031229087664510374, "D": 0.12513941556993086, "P": 0.004907428061565916}, "P": {"N": 0.0012745098039215687, "O": 0.6586274509803921, "L": 9.80392156862745e-05, "OR": 0.00024509803921568627, "D": 0.00024509803921568627, "P": 0.33950980392156865}}