{"L": 0.01363148363029074, "P": 0.03907800418596077, "OR": 0.01313806079403121, "O": 0.8896955960656306, "N": 0.03594395584136727, "D": 0.008512899482719357}