{"L": 0.010953302017131804, "P": 0.03845813760707378, "OR": 0.010356452058579718, "O": 0.9080298424979276, "N": 0.024150317767339044, "D": 0.008051948051948052}