{"L": 0.011184939714975329, "P": 0.036688627706918574, "OR": 0.010498539994036198, "O": 0.905726936688065, "N": 0.02662330720888494, "D": 0.009277648687119878}