{"L": {"L": 0.14076690211907164, "P": 0.0030272452068617556, "OR": 0.005045408678102927, "O": 0.8451059535822402, "N": 0.0025227043390514633, "D": 0.0035317860746720484}, "P": {"L": 0.00014369880729989942, "P": 0.3386980888058629, "OR": 0.00014369880729989942, "O": 0.6591464290846386, "N": 0.00014369880729989942, "D": 0.001724385687598793}, "OR": {"L": 0.0048025613660619, "P": 0.0021344717182497333, "OR": 0.5293489861259338, "O": 0.4578441835645678, "N": 0.0032017075773745998, "D": 0.0026680896478121665}, "O": {"L": 0.010115149597098133, "P": 0.027801446064707743, "OR": 0.0050088857511502785, "O": 0.9290539718090416, "N": 0.021003237821652018, "D": 0.007011222825425421}, "N": {"L": 0.003432494279176201, "P": 0.004805491990846682, "OR": 0.010526315789473684, "O": 0.7576659038901602, "N": 0.20594965675057209, "D": 0.017620137299771167}, "D": {"L": 0.01098146877144818, "P": 0.002059025394646534, "OR": 0.0013726835964310226, "O": 0.8414550446122169, "N": 0.004118050789293068, "D": 0.1400137268359643}}