{"L": {"L": 0.14386317907444668, "P": 0.005533199195171026, "OR": 0.0015090543259557343, "O": 0.8430583501006036, "N": 0.004527162977867203, "D": 0.0015090543259557343}, "P": {"L": 0.00015335071308081582, "P": 0.32602361600981444, "OR": 0.00015335071308081582, "O": 0.6698359147370035, "N": 0.002760312835454685, "D": 0.0010734549915657108}, "OR": {"L": 0.0053590568060021436, "P": 0.0005359056806002144, "OR": 0.5010718113612004, "O": 0.48981779206859594, "N": 0.003215434083601286, "D": 0.0}, "O": {"L": 0.010361342502003316, "P": 0.027058757757030247, "OR": 0.005422932856264326, "O": 0.9265574625892175, "N": 0.02263593050197847, "D": 0.00795736195747377}, "N": {"L": 0.003592561284868977, "P": 0.003592561284868977, "OR": 0.010777683854606932, "O": 0.7381656804733728, "N": 0.22189349112426035, "D": 0.02197802197802198}, "D": {"L": 0.0036385688295936932, "P": 0.006064281382656155, "OR": 0.0018192844147968466, "O": 0.8320194057004245, "N": 0.002425712553062462, "D": 0.15403274711946635}}