{"L": {"L": 0.16348448687350836, "P": 0.005568814638027049, "OR": 0.003579952267303103, "O": 0.8202068416865553, "N": 0.006364359586316627, "D": 0.0007955449482895784}, "P": {"L": 0.0002775079783543777, "P": 0.3639517136117663, "OR": 0.0, "O": 0.6331344526155127, "N": 0.001803801859303455, "D": 0.0008325239350631331}, "OR": {"L": 0.0024762690879075525, "P": 0.0004127115146512588, "OR": 0.5608749484110607, "O": 0.4234420140321915, "N": 0.011143210895583986, "D": 0.0016508460586050352}, "O": {"L": 0.01253633831658368, "P": 0.02768720708421957, "OR": 0.006191988201093349, "O": 0.9191689571741131, "N": 0.026718185308654767, "D": 0.007691229438759652}, "N": {"L": 0.003017046311660884, "P": 0.003620455573993061, "OR": 0.00573238799215568, "O": 0.6560567204706592, "N": 0.31829838588022324, "D": 0.01327500377130789}, "D": {"L": 0.011464968152866241, "P": 0.0012738853503184713, "OR": 0.0006369426751592356, "O": 0.8044585987261147, "N": 0.049681528662420385, "D": 0.13248407643312102}}