{"D": {"D": 0.08783783783783784, "O": 0.7398648648648649, "L": 0.02702702702702703, "P": 0.0033783783783783786, "N": 0.125, "OR": 0.016891891891891893}, "O": {"D": 0.005962312297575817, "O": 0.9150063794287958, "L": 0.00871037393267249, "P": 0.026548238296201787, "N": 0.036362744135832764, "OR": 0.007385415644322308}, "L": {"D": 0.006944444444444444, "O": 0.8402777777777778, "L": 0.13425925925925927, "P": 0.0023148148148148147, "N": 0.009259259259259259, "OR": 0.006944444444444444}, "P": {"D": 0.0012033694344163659, "O": 0.6474127557160048, "L": 0.0, "P": 0.3417569193742479, "N": 0.009025270758122744, "OR": 0.0006016847172081829}, "N": {"D": 0.008450704225352112, "O": 0.607645875251509, "L": 0.002012072434607646, "P": 0.004024144869215292, "N": 0.3762575452716298, "OR": 0.0016096579476861167}, "OR": {"D": 0.0012106537530266344, "O": 0.3583535108958838, "L": 0.007263922518159807, "P": 0.0, "N": 0.013317191283292978, "OR": 0.6198547215496368}}