{"O": 0.9095166780122532, "P": 0.04137508509189925, "L": 0.009707283866575902, "OR": 0.00786929884275017, "N": 0.025078284547311095, "D": 0.0064533696392103474}