{"P": 0.05014898877829202, "O": 0.8953274583148418, "N": 0.032016737462752805, "D": 0.006466746972674824, "OR": 0.00659354593292335, "L": 0.009446522538515184}