{"P": {"P": 0.32616940581542353, "O": 0.6649810366624526, "N": 0.0050568900126422255, "D": 0.0, "OR": 0.0037926675094816687, "L": 0.0}, "O": {"P": 0.03745928338762215, "O": 0.9065288202804136, "N": 0.03250247840249256, "D": 0.006231411981305764, "OR": 0.006797903979606288, "L": 0.010409290468772129}, "N": {"P": 0.0039603960396039604, "O": 0.8910891089108911, "N": 0.06534653465346535, "D": 0.02574257425742574, "OR": 0.009900990099009901, "L": 0.0039603960396039604}, "D": {"P": 0.0, "O": 1.0, "N": 0.0, "D": 0.0, "OR": 0.0, "L": 0.0}, "OR": {"P": 0.0, "O": 1.0, "N": 0.0, "D": 0.0, "OR": 0.0, "L": 0.0}, "L": {"P": 0.013422818791946308, "O": 0.9261744966442953, "N": 0.053691275167785234, "D": 0.006711409395973154, "OR": 0.0, "L": 0.0}}