{"D": 0.004853219696969697, "L": 0.007339015151515152, "OR": 0.010179924242424242, "O": 0.8958333333333334, "N": 0.029356060606060608, "P": 0.05243844696969697}