{"D": 0.00857843137254902, "L": 0.010416666666666666, "OR": 0.007352941176470588, "O": 0.9221813725490197, "N": 0.024509803921568627, "P": 0.02696078431372549}