{"L": 0.014046461372231226, "OR": 0.008779038357644516, "P": 0.0506482982171799, "D": 0.007023230686115613, "O": 0.8870880605078336, "N": 0.03241491085899514}