{"O": 0.9053189141469874, "N": 0.027035974398587508, "P": 0.030236150960052968, "D": 0.013904215404987862, "OR": 0.007062458618406533, "L": 0.01644228647097771}