{"D": 0.007555423004274779, "L": 0.010140172979421413, "OR": 0.020777413261755643, "O": 0.8815985684461676, "N": 0.03559001888855751, "P": 0.04433840341982304}