{"D": {"D": 0.0975609756097561, "L": 0.0, "OR": 0.0, "O": 0.9024390243902439, "N": 0.0, "P": 0.0}, "L": {"D": 0.0, "L": 0.08064516129032258, "OR": 0.0, "O": 0.9032258064516129, "N": 0.0, "P": 0.016129032258064516}, "OR": {"D": 0.0, "L": 0.0, "OR": 0.627906976744186, "O": 0.36046511627906974, "N": 0.011627906976744186, "P": 0.0}, "O": {"D": 0.004492600422832981, "L": 0.007399577167019027, "OR": 0.003964059196617336, "O": 0.919793868921776, "N": 0.02523784355179704, "P": 0.0389799154334038}, "N": {"D": 0.012096774193548387, "L": 0.004032258064516129, "OR": 0.008064516129032258, "O": 0.7338709677419355, "N": 0.21774193548387097, "P": 0.024193548387096774}, "P": {"D": 0.0, "L": 0.0, "OR": 0.0, "O": 0.6794582392776524, "N": 0.002257336343115124, "P": 0.3182844243792325}}