{"D": {"D": 0.16666666666666666, "L": 0.011904761904761904, "OR": 0.0, "O": 0.7738095238095238, "N": 0.047619047619047616, "P": 0.0}, "L": {"D": 0.0, "L": 0.14705882352941177, "OR": 0.0, "O": 0.8529411764705882, "N": 0.0, "P": 0.0}, "OR": {"D": 0.0, "L": 0.0, "OR": 0.5833333333333334, "O": 0.4166666666666667, "N": 0.0, "P": 0.0}, "O": {"D": 0.007530454042081949, "L": 0.00919158361018826, "OR": 0.0027685492801771874, "O": 0.9389811738648948, "N": 0.02115171650055371, "P": 0.02026578073089701}, "N": {"D": 0.008333333333333333, "L": 0.0125, "OR": 0.020833333333333332, "O": 0.7833333333333333, "N": 0.175, "P": 0.0}, "P": {"D": 0.0, "L": 0.0, "OR": 0.0, "O": 0.6856060606060606, "N": 0.007575757575757576, "P": 0.3068181818181818}}