{"D": {"D": 0.05263157894736842, "L": 0.013157894736842105, "OR": 0.0, "O": 0.9342105263157895, "N": 0.0, "P": 0.0}, "L": {"D": 0.0, "L": 0.10784313725490197, "OR": 0.00980392156862745, "O": 0.8333333333333334, "N": 0.0392156862745098, "P": 0.00980392156862745}, "OR": {"D": 0.004784688995215311, "L": 0.0, "OR": 0.4354066985645933, "O": 0.5502392344497608, "N": 0.009569377990430622, "P": 0.0}, "O": {"D": 0.007216959855660803, "L": 0.009810554803788904, "OR": 0.012855209742895805, "O": 0.9026838069463239, "N": 0.033152909336941816, "P": 0.034167794316644115}, "N": {"D": 0.01675977653631285, "L": 0.008379888268156424, "OR": 0.008379888268156424, "O": 0.8128491620111732, "N": 0.15083798882681565, "P": 0.002793296089385475}, "P": {"D": 0.002242152466367713, "L": 0.0, "OR": 0.0, "O": 0.6748878923766816, "N": 0.006726457399103139, "P": 0.31614349775784756}}