{"L": {"L": 0.28846153846153844, "OR": 0.0, "P": 0.0, "D": 0.009615384615384616, "O": 0.6730769230769231, "N": 0.028846153846153848}, "OR": {"L": 0.0, "OR": 0.0, "P": 0.0, "D": 0.0, "O": 1.0, "N": 0.0}, "P": {"L": 0.0, "OR": 0.0, "P": 0.26666666666666666, "D": 0.0, "O": 0.7253333333333334, "N": 0.008}, "D": {"L": 0.0, "OR": 0.0, "P": 0.0, "D": 0.0, "O": 1.0, "N": 0.0}, "O": {"L": 0.010962241169305725, "OR": 0.009439707673568819, "P": 0.04186967113276492, "D": 0.007155907429963459, "O": 0.8972289890377588, "N": 0.033191230207064555}, "N": {"L": 0.008333333333333333, "OR": 0.0125, "P": 0.0, "D": 0.016666666666666666, "O": 0.8958333333333334, "N": 0.06666666666666667}}