{"O": {"O": 0.9115065821550463, "N": 0.027181862506094587, "P": 0.021574841540711848, "D": 0.015114578254509995, "OR": 0.007679180887372013, "L": 0.01682106289614822}, "N": {"O": 0.9020408163265307, "N": 0.08571428571428572, "P": 0.0, "D": 0.00816326530612245, "OR": 0.004081632653061225, "L": 0.0}, "P": {"O": 0.6423357664233577, "N": 0.0, "P": 0.354014598540146, "D": 0.0, "OR": 0.0, "L": 0.0036496350364963502}, "D": {"O": 1.0, "N": 0.0, "P": 0.0, "D": 0.0, "OR": 0.0, "L": 0.0}, "OR": {"O": 1.0, "N": 0.0, "P": 0.0, "D": 0.0, "OR": 0.0, "L": 0.0}, "L": {"O": 0.9328859060402684, "N": 0.0, "P": 0.0, "D": 0.0, "OR": 0.0, "L": 0.06711409395973154}}